use master
go
drop  database ATM
go 
Create database ATM
go 
use ATM
go
create Table UserType(
userTypeID int primary key,
[name] varchar(20) not null
)
go
create table [User](
[userId] int primary key,
[name] varchar(20) not null,
[userType] int foreign key references UserType(UserTypeID),
[phoneNum] varchar(15) not null,
[city] varchar(20) not null
)
go

create table CardType(
[cardTypeID] int primary key,
[name] varchar(15),
[description] varchar(40) null
)
go
create Table [Card](
cardNum Varchar(20) primary key,
cardTypeID int foreign key references  CardType([cardTypeID]),
PIN varchar(4) not null,
[expireDate] date not null,
balance float not null
)
go


Create table UserCard(
userID int foreign key references [User]([userId]),
cardNum varchar(20) foreign key references [Card](cardNum),
primary key(userID,cardNum)
)
go
create table TransactionType(
transTypeID int primary key,
typeName varchar(20) not null,
[description] varchar (40) null
)
go
create table [Transaction](
transId int primary key,
transDate date not null,
cardNum varchar(20) foreign key references [Card](cardNum),
amount int not null,
transType int foreign key references TransactionType(transTypeID)
)


GO
INSERT [dbo].[UserType] ([userTypeID], [name]) VALUES (1, N'Silver')
GO
INSERT [dbo].[UserType] ([userTypeID], [name]) VALUES (2, N'Gold')
GO
INSERT [dbo].[UserType] ([userTypeID], [name]) VALUES (3, N'Bronze')
GO
INSERT [dbo].[UserType] ([userTypeID], [name]) VALUES (4, N'Common')
GO
INSERT [dbo].[User] ([userId], [name], [userType], [phoneNum], [city]) VALUES (1, N'Ali', 2, N'03036067000', N'Narowal')
GO
INSERT [dbo].[User] ([userId], [name], [userType], [phoneNum], [city]) VALUES (2, N'Ahmed', 1, N'03036047000', N'Lahore')
GO
INSERT [dbo].[User] ([userId], [name], [userType], [phoneNum], [city]) VALUES (3, N'Aqeel', 3, N'03036063000', N'Karachi')
GO
INSERT [dbo].[User] ([userId], [name], [userType], [phoneNum], [city]) VALUES (4, N'Usman', 4, N'03036062000', N'Sialkot')
GO
INSERT [dbo].[User] ([userId], [name], [userType], [phoneNum], [city]) VALUES (5, N'Hafeez', 2, N'03036061000', N'Lahore')
GO
INSERT [dbo].[CardType] ([cardTypeID], [name], [description]) VALUES (1, N'Debit', N'Spend Now, Pay Now')
GO
INSERT [dbo].[CardType] ([cardTypeID], [name], [description]) VALUES (2, N'Credit', N'Spend Now, Pay later')
GO
INSERT [dbo].[CardType] ([cardTypeID], [name], [description]) VALUES (3, N'Gift', N'Enjoy')
GO
INSERT [dbo].[Card] ([cardNum], [cardTypeID], [PIN], [expireDate], [balance]) VALUES (N'1324327436569', 3, N'1770', CAST(N'2022-07-01' AS Date), 43025.31)
GO
INSERT [dbo].[Card] ([cardNum], [cardTypeID], [PIN], [expireDate], [balance]) VALUES (N'2324325423336', 3, N'0234', CAST(N'2020-03-02' AS Date), 14425.62)
GO
INSERT [dbo].[Card] ([cardNum], [cardTypeID], [PIN], [expireDate], [balance]) VALUES (N'2324325436566', 1, N'1234', CAST(N'2019-02-06' AS Date), 34325.52)
GO
INSERT [dbo].[Card] ([cardNum], [cardTypeID], [PIN], [expireDate], [balance]) VALUES (N'2324325666456', 2, N'1200', CAST(N'2024-08-07' AS Date), 24325.3)
GO
INSERT [dbo].[Card] ([cardNum], [cardTypeID], [PIN], [expireDate], [balance]) VALUES (N'2343243253436', 2, N'0034', CAST(N'2020-09-02' AS Date), 34025.12)
GO
INSERT [dbo].[UserCard] ([userID], [cardNum]) VALUES (1, N'1324327436569')
GO
INSERT [dbo].[UserCard] ([userID], [cardNum]) VALUES (1, N'2343243253436')
GO
INSERT [dbo].[UserCard] ([userID], [cardNum]) VALUES (2, N'2324325423336')
GO
INSERT [dbo].[UserCard] ([userID], [cardNum]) VALUES (2, N'2343243253436')
GO
INSERT [dbo].[UserCard] ([userID], [cardNum]) VALUES (3, N'2324325436566')
GO
INSERT [dbo].[UserCard] ([userID], [cardNum]) VALUES (5, N'2324325423336')
GO
INSERT [dbo].[TransactionType] ([transTypeID], [typeName], [description]) VALUES (1, N'Withdraw', NULL)
GO
INSERT [dbo].[TransactionType] ([transTypeID], [typeName], [description]) VALUES (2, N'Deposit', NULL)
GO
INSERT [dbo].[TransactionType] ([transTypeID], [typeName], [description]) VALUES (3, N'ScheduledDeposit', NULL)
GO
INSERT [dbo].[TransactionType] ([transTypeID], [typeName], [description]) VALUES (4, N'Failed', NULL)
GO
INSERT [dbo].[Transaction] ([transId], [transDate], [cardNum], [amount], [transType]) VALUES (1, CAST(N'2017-02-02' AS Date), N'1324327436569', 500, 1)
GO
INSERT [dbo].[Transaction] ([transId], [transDate], [cardNum], [amount], [transType]) VALUES (2, CAST(N'2018-02-03' AS Date), N'2343243253436', 3000, 3)
GO
INSERT [dbo].[Transaction] ([transId], [transDate], [cardNum], [amount], [transType]) VALUES (3, CAST(N'2017-05-06' AS Date), N'2324325436566', 2500, 2)
GO
INSERT [dbo].[Transaction] ([transId], [transDate], [cardNum], [amount], [transType]) VALUES (4, CAST(N'2016-09-09' AS Date), N'2324325436566', 2000, 1)
GO
INSERT [dbo].[Transaction] ([transId], [transDate], [cardNum], [amount], [transType]) VALUES (5, CAST(N'2015-02-10' AS Date), N'2324325423336', 6000, 4)
GO


Select * from UserType
Select * from [User]
Select * from UserCard
Select * from [Card]
Select * from CardType
Select * from [Transaction]
Select * from TransactionType


--Q1
select A.name as 'User1',B.name as 'User2'
from [User] A
join [User] B on A.city = B.city 
where A.userType<B.userType;

--Q2
select count(userId) as 'No. of Users'
from [User]
group by city;

--Q3
select cardNum,count(transId) as 'No. of Trans.'
from [Transaction]
group by cardNum
Having count(transId)>2;

--Q4
select name
from [User]
where name like '___%';

--Q5
select *
from [User]
where [name] like 'H%z' and [userType] = 
                                         (SELECT [userTypeID] FROM UserType WHERE [name] = 'Gold');

--Q6
select [name]
from [User]
where [name] like '%a%';

--Q7
select userId,[name]
from [User]
where userId in
                (select userID 
				 from UserCard
				 where cardNum in
				                  (select cardNum
								   from [Card]
								   where [expireDate]<GETDATE()));

--Q8
SELECT userId, [name]
FROM [User]
WHERE userType IN (
    SELECT userTypeID
    FROM UserType
    WHERE name = 'Gold'
)
UNION
SELECT userId, [name]
FROM [User]
WHERE userType IN (
    SELECT userTypeID
    FROM UserType
    WHERE name = 'Common'
);

--Q9
select U.[name]
from [User] U
left join UserCard UC on U.userId=UC.userID
left join [Card] C on UC.cardNum=C.cardNum
left join [Transaction] T on C.cardNum=T.cardNum
where UC.cardNum<>T.cardNum;

--Q10
SELECT u.userId, u.name, uc.cardNum, SUM(t.amount) AS total_transaction_amount
FROM [User] u
LEFT JOIN UserCard uc ON u.userId = uc.userId
LEFT JOIN [Card] c ON uc.cardNum = c.cardNum
LEFT JOIN [Transaction] t ON c.cardNum = t.cardNum
GROUP BY u.userId, u.name, uc.cardNum
ORDER BY u.userId;



